{
  "version": {
    "type": "integer",
    "kind": "literal",
    "value": "1"
  },
  "name": "HelloWorld",
  "tables": {
    "Status.Core": {
      "name": "Status.Core",
      "kind": "table",
      "type": {
        "type": "Dict",
        "value": {
          "key": {
            "type": "String",
            "value": null
          },
          "value": {
            "type": "Struct",
            "value": {
              "item": {
                "type": "String",
                "value": null
              },
              "task": {
                "type": "String",
                "value": null
              },
              "status": {
                "type": "String",
                "value": null
              },
              "metadata": {
                "type": "Dict",
                "value": {
                  "key": {
                    "type": "String",
                    "value": null
                  },
                  "value": {
                    "type": "String",
                    "value": null
                  }
                }
              },
              "datetime": {
                "type": "DateTime",
                "value": null
              },
              "success": {
                "type": "Integer",
                "value": null
              },
              "failed": {
                "type": "Integer",
                "value": null
              },
              "duration": {
                "type": "Float",
                "value": null
              },
              "total_duration": {
                "type": "Float",
                "value": null
              },
              "max_duration": {
                "type": "Float",
                "value": null
              },
              "memory": {
                "type": "Integer",
                "value": null
              },
              "max_memory": {
                "type": "Integer",
                "value": null
              }
            }
          }
        }
      },
      "hash": "c65861e0aaf25faeeb29705d6c2e4786209188fc742f73cd5a282f6243450d8a",
      "fields": {
        "item": {
          "type": {
            "type": "String",
            "value": null
          },
          "ast_type": "Variable",
          "name": "item"
        },
        "task": {
          "type": {
            "type": "String",
            "value": null
          },
          "ast_type": "Variable",
          "name": "task"
        },
        "status": {
          "type": {
            "type": "String",
            "value": null
          },
          "ast_type": "Variable",
          "name": "status"
        },
        "metadata": {
          "type": {
            "type": "Dict",
            "value": {
              "key": {
                "type": "String",
                "value": null
              },
              "value": {
                "type": "String",
                "value": null
              }
            }
          },
          "ast_type": "Variable",
          "name": "metadata"
        },
        "datetime": {
          "type": {
            "type": "DateTime",
            "value": null
          },
          "ast_type": "Variable",
          "name": "datetime"
        },
        "success": {
          "type": {
            "type": "Integer",
            "value": null
          },
          "ast_type": "Variable",
          "name": "success"
        },
        "failed": {
          "type": {
            "type": "Integer",
            "value": null
          },
          "ast_type": "Variable",
          "name": "failed"
        },
        "duration": {
          "type": {
            "type": "Float",
            "value": null
          },
          "ast_type": "Variable",
          "name": "duration"
        },
        "total_duration": {
          "type": {
            "type": "Float",
            "value": null
          },
          "ast_type": "Variable",
          "name": "total_duration"
        },
        "max_duration": {
          "type": {
            "type": "Float",
            "value": null
          },
          "ast_type": "Variable",
          "name": "max_duration"
        },
        "memory": {
          "type": {
            "type": "Integer",
            "value": null
          },
          "ast_type": "Variable",
          "name": "memory"
        },
        "max_memory": {
          "type": {
            "type": "Integer",
            "value": null
          },
          "ast_type": "Variable",
          "name": "max_memory"
        }
      },
      "primary_key": {
        "type": {
          "type": "String",
          "value": null
        },
        "ast_type": "StringJoin",
        "values": [
          {
            "type": {
              "type": "String",
              "value": null
            },
            "ast_type": "Variable",
            "name": "item"
          },
          {
            "type": {
              "type": "String",
              "value": null
            },
            "ast_type": "Const",
            "value": "."
          },
          {
            "type": {
              "type": "String",
              "value": null
            },
            "ast_type": "Variable",
            "name": "task"
          },
          {
            "type": {
              "type": "String",
              "value": null
            },
            "ast_type": "Const",
            "value": "}"
          }
        ],
        "seperator": ""
      },
      "partitions": {
        "all": {
          "name": "Status.Core.all",
          "partition_key": null,
          "label": null,
          "dir": "desc"
        }
      },
      "writable": false,
      "logging": false
    },
    "Status.DataSource": {
      "name": "Status.DataSource",
      "kind": "table",
      "type": {
        "type": "Dict",
        "value": {
          "key": {
            "type": "String",
            "value": null
          },
          "value": {
            "type": "Struct",
            "value": {
              "item": {
                "type": "String",
                "value": null
              },
              "task": {
                "type": "String",
                "value": null
              },
              "status": {
                "type": "String",
                "value": null
              },
              "metadata": {
                "type": "Dict",
                "value": {
                  "key": {
                    "type": "String",
                    "value": null
                  },
                  "value": {
                    "type": "String",
                    "value": null
                  }
                }
              },
              "datetime": {
                "type": "DateTime",
                "value": null
              },
              "success": {
                "type": "Integer",
                "value": null
              },
              "failed": {
                "type": "Integer",
                "value": null
              },
              "duration": {
                "type": "Float",
                "value": null
              },
              "total_duration": {
                "type": "Float",
                "value": null
              },
              "max_duration": {
                "type": "Float",
                "value": null
              },
              "memory": {
                "type": "Integer",
                "value": null
              },
              "max_memory": {
                "type": "Integer",
                "value": null
              }
            }
          }
        }
      },
      "hash": "a98e1f5a88c40759dd9a2868d9e51f00fb14396a3fbb5f708725cb14c375ccb5",
      "fields": {
        "item": {
          "type": {
            "type": "String",
            "value": null
          },
          "ast_type": "Variable",
          "name": "item"
        },
        "task": {
          "type": {
            "type": "String",
            "value": null
          },
          "ast_type": "Variable",
          "name": "task"
        },
        "status": {
          "type": {
            "type": "String",
            "value": null
          },
          "ast_type": "Variable",
          "name": "status"
        },
        "metadata": {
          "type": {
            "type": "Dict",
            "value": {
              "key": {
                "type": "String",
                "value": null
              },
              "value": {
                "type": "String",
                "value": null
              }
            }
          },
          "ast_type": "Variable",
          "name": "metadata"
        },
        "datetime": {
          "type": {
            "type": "DateTime",
            "value": null
          },
          "ast_type": "Variable",
          "name": "datetime"
        },
        "success": {
          "type": {
            "type": "Integer",
            "value": null
          },
          "ast_type": "Variable",
          "name": "success"
        },
        "failed": {
          "type": {
            "type": "Integer",
            "value": null
          },
          "ast_type": "Variable",
          "name": "failed"
        },
        "duration": {
          "type": {
            "type": "Float",
            "value": null
          },
          "ast_type": "Variable",
          "name": "duration"
        },
        "total_duration": {
          "type": {
            "type": "Float",
            "value": null
          },
          "ast_type": "Variable",
          "name": "total_duration"
        },
        "max_duration": {
          "type": {
            "type": "Float",
            "value": null
          },
          "ast_type": "Variable",
          "name": "max_duration"
        },
        "memory": {
          "type": {
            "type": "Integer",
            "value": null
          },
          "ast_type": "Variable",
          "name": "memory"
        },
        "max_memory": {
          "type": {
            "type": "Integer",
            "value": null
          },
          "ast_type": "Variable",
          "name": "max_memory"
        }
      },
      "primary_key": {
        "type": {
          "type": "String",
          "value": null
        },
        "ast_type": "StringJoin",
        "values": [
          {
            "type": {
              "type": "String",
              "value": null
            },
            "ast_type": "Variable",
            "name": "item"
          },
          {
            "type": {
              "type": "String",
              "value": null
            },
            "ast_type": "Const",
            "value": "."
          },
          {
            "type": {
              "type": "String",
              "value": null
            },
            "ast_type": "Variable",
            "name": "task"
          },
          {
            "type": {
              "type": "String",
              "value": null
            },
            "ast_type": "Const",
            "value": "}"
          }
        ],
        "seperator": ""
      },
      "partitions": {
        "all": {
          "name": "Status.DataSource.all",
          "partition_key": null,
          "label": null,
          "dir": "desc"
        }
      },
      "writable": false,
      "logging": false
    },
    "Status.Pipeline": {
      "name": "Status.Pipeline",
      "kind": "table",
      "type": {
        "type": "Dict",
        "value": {
          "key": {
            "type": "String",
            "value": null
          },
          "value": {
            "type": "Struct",
            "value": {
              "item": {
                "type": "String",
                "value": null
              },
              "task": {
                "type": "String",
                "value": null
              },
              "status": {
                "type": "String",
                "value": null
              },
              "metadata": {
                "type": "Dict",
                "value": {
                  "key": {
                    "type": "String",
                    "value": null
                  },
                  "value": {
                    "type": "String",
                    "value": null
                  }
                }
              },
              "datetime": {
                "type": "DateTime",
                "value": null
              },
              "success": {
                "type": "Integer",
                "value": null
              },
              "failed": {
                "type": "Integer",
                "value": null
              },
              "duration": {
                "type": "Float",
                "value": null
              },
              "total_duration": {
                "type": "Float",
                "value": null
              },
              "max_duration": {
                "type": "Float",
                "value": null
              },
              "memory": {
                "type": "Integer",
                "value": null
              },
              "max_memory": {
                "type": "Integer",
                "value": null
              }
            }
          }
        }
      },
      "hash": "0530463b204f87915fc95e76de555836a5bfa145a34613b36034d418771d82e8",
      "fields": {
        "item": {
          "type": {
            "type": "String",
            "value": null
          },
          "ast_type": "Variable",
          "name": "item"
        },
        "task": {
          "type": {
            "type": "String",
            "value": null
          },
          "ast_type": "Variable",
          "name": "task"
        },
        "status": {
          "type": {
            "type": "String",
            "value": null
          },
          "ast_type": "Variable",
          "name": "status"
        },
        "metadata": {
          "type": {
            "type": "Dict",
            "value": {
              "key": {
                "type": "String",
                "value": null
              },
              "value": {
                "type": "String",
                "value": null
              }
            }
          },
          "ast_type": "Variable",
          "name": "metadata"
        },
        "datetime": {
          "type": {
            "type": "DateTime",
            "value": null
          },
          "ast_type": "Variable",
          "name": "datetime"
        },
        "success": {
          "type": {
            "type": "Integer",
            "value": null
          },
          "ast_type": "Variable",
          "name": "success"
        },
        "failed": {
          "type": {
            "type": "Integer",
            "value": null
          },
          "ast_type": "Variable",
          "name": "failed"
        },
        "duration": {
          "type": {
            "type": "Float",
            "value": null
          },
          "ast_type": "Variable",
          "name": "duration"
        },
        "total_duration": {
          "type": {
            "type": "Float",
            "value": null
          },
          "ast_type": "Variable",
          "name": "total_duration"
        },
        "max_duration": {
          "type": {
            "type": "Float",
            "value": null
          },
          "ast_type": "Variable",
          "name": "max_duration"
        },
        "memory": {
          "type": {
            "type": "Integer",
            "value": null
          },
          "ast_type": "Variable",
          "name": "memory"
        },
        "max_memory": {
          "type": {
            "type": "Integer",
            "value": null
          },
          "ast_type": "Variable",
          "name": "max_memory"
        }
      },
      "primary_key": {
        "type": {
          "type": "String",
          "value": null
        },
        "ast_type": "StringJoin",
        "values": [
          {
            "type": {
              "type": "String",
              "value": null
            },
            "ast_type": "Variable",
            "name": "item"
          },
          {
            "type": {
              "type": "String",
              "value": null
            },
            "ast_type": "Const",
            "value": "."
          },
          {
            "type": {
              "type": "String",
              "value": null
            },
            "ast_type": "Variable",
            "name": "task"
          },
          {
            "type": {
              "type": "String",
              "value": null
            },
            "ast_type": "Const",
            "value": "}"
          }
        ],
        "seperator": ""
      },
      "partitions": {
        "all": {
          "name": "Status.Pipeline.all",
          "partition_key": null,
          "label": null,
          "dir": "desc"
        }
      },
      "writable": false,
      "logging": false
    },
    "Status.Mapping": {
      "name": "Status.Mapping",
      "kind": "table",
      "type": {
        "type": "Dict",
        "value": {
          "key": {
            "type": "String",
            "value": null
          },
          "value": {
            "type": "Struct",
            "value": {
              "item": {
                "type": "String",
                "value": null
              },
              "task": {
                "type": "String",
                "value": null
              },
              "status": {
                "type": "String",
                "value": null
              },
              "metadata": {
                "type": "Dict",
                "value": {
                  "key": {
                    "type": "String",
                    "value": null
                  },
                  "value": {
                    "type": "String",
                    "value": null
                  }
                }
              },
              "datetime": {
                "type": "DateTime",
                "value": null
              },
              "success": {
                "type": "Integer",
                "value": null
              },
              "failed": {
                "type": "Integer",
                "value": null
              },
              "duration": {
                "type": "Float",
                "value": null
              },
              "total_duration": {
                "type": "Float",
                "value": null
              },
              "max_duration": {
                "type": "Float",
                "value": null
              },
              "memory": {
                "type": "Integer",
                "value": null
              },
              "max_memory": {
                "type": "Integer",
                "value": null
              }
            }
          }
        }
      },
      "hash": "b4522bdef2fdcbfc98fedaf04d0ad6ce62d04de044a8bd2bbdf6ddda21e0c9c4",
      "fields": {
        "item": {
          "type": {
            "type": "String",
            "value": null
          },
          "ast_type": "Variable",
          "name": "item"
        },
        "task": {
          "type": {
            "type": "String",
            "value": null
          },
          "ast_type": "Variable",
          "name": "task"
        },
        "status": {
          "type": {
            "type": "String",
            "value": null
          },
          "ast_type": "Variable",
          "name": "status"
        },
        "metadata": {
          "type": {
            "type": "Dict",
            "value": {
              "key": {
                "type": "String",
                "value": null
              },
              "value": {
                "type": "String",
                "value": null
              }
            }
          },
          "ast_type": "Variable",
          "name": "metadata"
        },
        "datetime": {
          "type": {
            "type": "DateTime",
            "value": null
          },
          "ast_type": "Variable",
          "name": "datetime"
        },
        "success": {
          "type": {
            "type": "Integer",
            "value": null
          },
          "ast_type": "Variable",
          "name": "success"
        },
        "failed": {
          "type": {
            "type": "Integer",
            "value": null
          },
          "ast_type": "Variable",
          "name": "failed"
        },
        "duration": {
          "type": {
            "type": "Float",
            "value": null
          },
          "ast_type": "Variable",
          "name": "duration"
        },
        "total_duration": {
          "type": {
            "type": "Float",
            "value": null
          },
          "ast_type": "Variable",
          "name": "total_duration"
        },
        "max_duration": {
          "type": {
            "type": "Float",
            "value": null
          },
          "ast_type": "Variable",
          "name": "max_duration"
        },
        "memory": {
          "type": {
            "type": "Integer",
            "value": null
          },
          "ast_type": "Variable",
          "name": "memory"
        },
        "max_memory": {
          "type": {
            "type": "Integer",
            "value": null
          },
          "ast_type": "Variable",
          "name": "max_memory"
        }
      },
      "primary_key": {
        "type": {
          "type": "String",
          "value": null
        },
        "ast_type": "StringJoin",
        "values": [
          {
            "type": {
              "type": "String",
              "value": null
            },
            "ast_type": "Variable",
            "name": "item"
          },
          {
            "type": {
              "type": "String",
              "value": null
            },
            "ast_type": "Const",
            "value": "."
          },
          {
            "type": {
              "type": "String",
              "value": null
            },
            "ast_type": "Variable",
            "name": "task"
          },
          {
            "type": {
              "type": "String",
              "value": null
            },
            "ast_type": "Const",
            "value": "}"
          }
        ],
        "seperator": ""
      },
      "partitions": {
        "all": {
          "name": "Status.Mapping.all",
          "partition_key": null,
          "label": null,
          "dir": "desc"
        }
      },
      "writable": false,
      "logging": false
    },
    "Status.Prediction": {
      "name": "Status.Prediction",
      "kind": "table",
      "type": {
        "type": "Dict",
        "value": {
          "key": {
            "type": "String",
            "value": null
          },
          "value": {
            "type": "Struct",
            "value": {
              "item": {
                "type": "String",
                "value": null
              },
              "task": {
                "type": "String",
                "value": null
              },
              "status": {
                "type": "String",
                "value": null
              },
              "metadata": {
                "type": "Dict",
                "value": {
                  "key": {
                    "type": "String",
                    "value": null
                  },
                  "value": {
                    "type": "String",
                    "value": null
                  }
                }
              },
              "datetime": {
                "type": "DateTime",
                "value": null
              },
              "success": {
                "type": "Integer",
                "value": null
              },
              "failed": {
                "type": "Integer",
                "value": null
              },
              "duration": {
                "type": "Float",
                "value": null
              },
              "total_duration": {
                "type": "Float",
                "value": null
              },
              "max_duration": {
                "type": "Float",
                "value": null
              },
              "memory": {
                "type": "Integer",
                "value": null
              },
              "max_memory": {
                "type": "Integer",
                "value": null
              }
            }
          }
        }
      },
      "hash": "10be62878a44e21442463f0b98cc5839966f49a51a1e5e54e80acfd2dff96c61",
      "fields": {
        "item": {
          "type": {
            "type": "String",
            "value": null
          },
          "ast_type": "Variable",
          "name": "item"
        },
        "task": {
          "type": {
            "type": "String",
            "value": null
          },
          "ast_type": "Variable",
          "name": "task"
        },
        "status": {
          "type": {
            "type": "String",
            "value": null
          },
          "ast_type": "Variable",
          "name": "status"
        },
        "metadata": {
          "type": {
            "type": "Dict",
            "value": {
              "key": {
                "type": "String",
                "value": null
              },
              "value": {
                "type": "String",
                "value": null
              }
            }
          },
          "ast_type": "Variable",
          "name": "metadata"
        },
        "datetime": {
          "type": {
            "type": "DateTime",
            "value": null
          },
          "ast_type": "Variable",
          "name": "datetime"
        },
        "success": {
          "type": {
            "type": "Integer",
            "value": null
          },
          "ast_type": "Variable",
          "name": "success"
        },
        "failed": {
          "type": {
            "type": "Integer",
            "value": null
          },
          "ast_type": "Variable",
          "name": "failed"
        },
        "duration": {
          "type": {
            "type": "Float",
            "value": null
          },
          "ast_type": "Variable",
          "name": "duration"
        },
        "total_duration": {
          "type": {
            "type": "Float",
            "value": null
          },
          "ast_type": "Variable",
          "name": "total_duration"
        },
        "max_duration": {
          "type": {
            "type": "Float",
            "value": null
          },
          "ast_type": "Variable",
          "name": "max_duration"
        },
        "memory": {
          "type": {
            "type": "Integer",
            "value": null
          },
          "ast_type": "Variable",
          "name": "memory"
        },
        "max_memory": {
          "type": {
            "type": "Integer",
            "value": null
          },
          "ast_type": "Variable",
          "name": "max_memory"
        }
      },
      "primary_key": {
        "type": {
          "type": "String",
          "value": null
        },
        "ast_type": "StringJoin",
        "values": [
          {
            "type": {
              "type": "String",
              "value": null
            },
            "ast_type": "Variable",
            "name": "item"
          },
          {
            "type": {
              "type": "String",
              "value": null
            },
            "ast_type": "Const",
            "value": "."
          },
          {
            "type": {
              "type": "String",
              "value": null
            },
            "ast_type": "Variable",
            "name": "task"
          },
          {
            "type": {
              "type": "String",
              "value": null
            },
            "ast_type": "Const",
            "value": "}"
          }
        ],
        "seperator": ""
      },
      "partitions": {
        "all": {
          "name": "Status.Prediction.all",
          "partition_key": null,
          "label": null,
          "dir": "desc"
        }
      },
      "writable": false,
      "logging": false
    },
    "Status.Training": {
      "name": "Status.Training",
      "kind": "table",
      "type": {
        "type": "Dict",
        "value": {
          "key": {
            "type": "String",
            "value": null
          },
          "value": {
            "type": "Struct",
            "value": {
              "item": {
                "type": "String",
                "value": null
              },
              "task": {
                "type": "String",
                "value": null
              },
              "status": {
                "type": "String",
                "value": null
              },
              "metadata": {
                "type": "Dict",
                "value": {
                  "key": {
                    "type": "String",
                    "value": null
                  },
                  "value": {
                    "type": "String",
                    "value": null
                  }
                }
              },
              "datetime": {
                "type": "DateTime",
                "value": null
              },
              "success": {
                "type": "Integer",
                "value": null
              },
              "failed": {
                "type": "Integer",
                "value": null
              },
              "duration": {
                "type": "Float",
                "value": null
              },
              "total_duration": {
                "type": "Float",
                "value": null
              },
              "max_duration": {
                "type": "Float",
                "value": null
              },
              "memory": {
                "type": "Integer",
                "value": null
              },
              "max_memory": {
                "type": "Integer",
                "value": null
              }
            }
          }
        }
      },
      "hash": "96cd3cc0624628098a6635fd47f7f1c6c3672e4df01ad161fcc7dcd5c11ecfc8",
      "fields": {
        "item": {
          "type": {
            "type": "String",
            "value": null
          },
          "ast_type": "Variable",
          "name": "item"
        },
        "task": {
          "type": {
            "type": "String",
            "value": null
          },
          "ast_type": "Variable",
          "name": "task"
        },
        "status": {
          "type": {
            "type": "String",
            "value": null
          },
          "ast_type": "Variable",
          "name": "status"
        },
        "metadata": {
          "type": {
            "type": "Dict",
            "value": {
              "key": {
                "type": "String",
                "value": null
              },
              "value": {
                "type": "String",
                "value": null
              }
            }
          },
          "ast_type": "Variable",
          "name": "metadata"
        },
        "datetime": {
          "type": {
            "type": "DateTime",
            "value": null
          },
          "ast_type": "Variable",
          "name": "datetime"
        },
        "success": {
          "type": {
            "type": "Integer",
            "value": null
          },
          "ast_type": "Variable",
          "name": "success"
        },
        "failed": {
          "type": {
            "type": "Integer",
            "value": null
          },
          "ast_type": "Variable",
          "name": "failed"
        },
        "duration": {
          "type": {
            "type": "Float",
            "value": null
          },
          "ast_type": "Variable",
          "name": "duration"
        },
        "total_duration": {
          "type": {
            "type": "Float",
            "value": null
          },
          "ast_type": "Variable",
          "name": "total_duration"
        },
        "max_duration": {
          "type": {
            "type": "Float",
            "value": null
          },
          "ast_type": "Variable",
          "name": "max_duration"
        },
        "memory": {
          "type": {
            "type": "Integer",
            "value": null
          },
          "ast_type": "Variable",
          "name": "memory"
        },
        "max_memory": {
          "type": {
            "type": "Integer",
            "value": null
          },
          "ast_type": "Variable",
          "name": "max_memory"
        }
      },
      "primary_key": {
        "type": {
          "type": "String",
          "value": null
        },
        "ast_type": "StringJoin",
        "values": [
          {
            "type": {
              "type": "String",
              "value": null
            },
            "ast_type": "Variable",
            "name": "item"
          },
          {
            "type": {
              "type": "String",
              "value": null
            },
            "ast_type": "Const",
            "value": "."
          },
          {
            "type": {
              "type": "String",
              "value": null
            },
            "ast_type": "Variable",
            "name": "task"
          },
          {
            "type": {
              "type": "String",
              "value": null
            },
            "ast_type": "Const",
            "value": "}"
          }
        ],
        "seperator": ""
      },
      "partitions": {
        "all": {
          "name": "Status.Training.all",
          "partition_key": null,
          "label": null,
          "dir": "desc"
        }
      },
      "writable": false,
      "logging": false
    },
    "Status.Optimization": {
      "name": "Status.Optimization",
      "kind": "table",
      "type": {
        "type": "Dict",
        "value": {
          "key": {
            "type": "String",
            "value": null
          },
          "value": {
            "type": "Struct",
            "value": {
              "item": {
                "type": "String",
                "value": null
              },
              "task": {
                "type": "String",
                "value": null
              },
              "status": {
                "type": "String",
                "value": null
              },
              "metadata": {
                "type": "Dict",
                "value": {
                  "key": {
                    "type": "String",
                    "value": null
                  },
                  "value": {
                    "type": "String",
                    "value": null
                  }
                }
              },
              "datetime": {
                "type": "DateTime",
                "value": null
              },
              "success": {
                "type": "Integer",
                "value": null
              },
              "failed": {
                "type": "Integer",
                "value": null
              },
              "duration": {
                "type": "Float",
                "value": null
              },
              "total_duration": {
                "type": "Float",
                "value": null
              },
              "max_duration": {
                "type": "Float",
                "value": null
              },
              "memory": {
                "type": "Integer",
                "value": null
              },
              "max_memory": {
                "type": "Integer",
                "value": null
              }
            }
          }
        }
      },
      "hash": "f7849d8b8e6fe87209f328d981e079d213bfc01a0aee88dcae2679e84624a8ab",
      "fields": {
        "item": {
          "type": {
            "type": "String",
            "value": null
          },
          "ast_type": "Variable",
          "name": "item"
        },
        "task": {
          "type": {
            "type": "String",
            "value": null
          },
          "ast_type": "Variable",
          "name": "task"
        },
        "status": {
          "type": {
            "type": "String",
            "value": null
          },
          "ast_type": "Variable",
          "name": "status"
        },
        "metadata": {
          "type": {
            "type": "Dict",
            "value": {
              "key": {
                "type": "String",
                "value": null
              },
              "value": {
                "type": "String",
                "value": null
              }
            }
          },
          "ast_type": "Variable",
          "name": "metadata"
        },
        "datetime": {
          "type": {
            "type": "DateTime",
            "value": null
          },
          "ast_type": "Variable",
          "name": "datetime"
        },
        "success": {
          "type": {
            "type": "Integer",
            "value": null
          },
          "ast_type": "Variable",
          "name": "success"
        },
        "failed": {
          "type": {
            "type": "Integer",
            "value": null
          },
          "ast_type": "Variable",
          "name": "failed"
        },
        "duration": {
          "type": {
            "type": "Float",
            "value": null
          },
          "ast_type": "Variable",
          "name": "duration"
        },
        "total_duration": {
          "type": {
            "type": "Float",
            "value": null
          },
          "ast_type": "Variable",
          "name": "total_duration"
        },
        "max_duration": {
          "type": {
            "type": "Float",
            "value": null
          },
          "ast_type": "Variable",
          "name": "max_duration"
        },
        "memory": {
          "type": {
            "type": "Integer",
            "value": null
          },
          "ast_type": "Variable",
          "name": "memory"
        },
        "max_memory": {
          "type": {
            "type": "Integer",
            "value": null
          },
          "ast_type": "Variable",
          "name": "max_memory"
        }
      },
      "primary_key": {
        "type": {
          "type": "String",
          "value": null
        },
        "ast_type": "StringJoin",
        "values": [
          {
            "type": {
              "type": "String",
              "value": null
            },
            "ast_type": "Variable",
            "name": "item"
          },
          {
            "type": {
              "type": "String",
              "value": null
            },
            "ast_type": "Const",
            "value": "."
          },
          {
            "type": {
              "type": "String",
              "value": null
            },
            "ast_type": "Variable",
            "name": "task"
          },
          {
            "type": {
              "type": "String",
              "value": null
            },
            "ast_type": "Const",
            "value": "}"
          }
        ],
        "seperator": ""
      },
      "partitions": {
        "all": {
          "name": "Status.Optimization.all",
          "partition_key": null,
          "label": null,
          "dir": "desc"
        }
      },
      "writable": false,
      "logging": false
    },
    "Optimization": {
      "name": "Optimization",
      "kind": "table",
      "type": {
        "type": "Dict",
        "value": {
          "key": {
            "type": "String",
            "value": null
          },
          "value": {
            "type": "Struct",
            "value": {
              "scenario": {
                "type": "String",
                "value": null
              },
              "iteration": {
                "type": "Integer",
                "value": null
              },
              "objective": {
                "type": "Float",
                "value": null
              },
              "options": {
                "type": "String",
                "value": null
              },
              "initial_sample": {
                "type": "Boolean",
                "value": null
              },
              "optimal": {
                "type": "Boolean",
                "value": null
              },
              "datetime": {
                "type": "DateTime",
                "value": null
              }
            }
          }
        }
      },
      "hash": "3bf14da4f70f48090a375ae53f3f3ab37ba47b0708244cd50fa35eb39393908d",
      "fields": {
        "scenario": {
          "type": {
            "type": "String",
            "value": null
          },
          "ast_type": "Variable",
          "name": "scenario"
        },
        "iteration": {
          "type": {
            "type": "Integer",
            "value": null
          },
          "ast_type": "Variable",
          "name": "iteration"
        },
        "objective": {
          "type": {
            "type": "Float",
            "value": null
          },
          "ast_type": "Variable",
          "name": "objective"
        },
        "options": {
          "type": {
            "type": "String",
            "value": null
          },
          "ast_type": "Variable",
          "name": "options"
        },
        "initial_sample": {
          "type": {
            "type": "Boolean",
            "value": null
          },
          "ast_type": "Variable",
          "name": "initial_sample"
        },
        "optimal": {
          "type": {
            "type": "Boolean",
            "value": null
          },
          "ast_type": "Variable",
          "name": "optimal"
        },
        "datetime": {
          "type": {
            "type": "DateTime",
            "value": null
          },
          "ast_type": "Variable",
          "name": "datetime"
        }
      },
      "primary_key": {
        "type": {
          "type": "String",
          "value": null
        },
        "ast_type": "StringJoin",
        "values": [
          {
            "type": {
              "type": "String",
              "value": null
            },
            "ast_type": "Variable",
            "name": "scenario"
          },
          {
            "type": {
              "type": "String",
              "value": null
            },
            "ast_type": "Const",
            "value": "."
          },
          {
            "type": {
              "type": "String",
              "value": null
            },
            "ast_type": "Print",
            "value": {
              "type": {
                "type": "Integer",
                "value": null
              },
              "ast_type": "Variable",
              "name": "iteration"
            }
          }
        ],
        "seperator": ""
      },
      "partitions": {
        "all": {
          "name": "Optimization.all",
          "partition_key": null,
          "label": null,
          "dir": "desc"
        }
      },
      "writable": false,
      "logging": true
    },
    "PredictionPerformance": {
      "name": "PredictionPerformance",
      "kind": "table",
      "type": {
        "type": "Dict",
        "value": {
          "key": {
            "type": "String",
            "value": null
          },
          "value": {
            "type": "Struct",
            "value": {
              "scenario": {
                "type": "String",
                "value": null
              },
              "event": {
                "type": "String",
                "value": null
              },
              "kind": {
                "type": "String",
                "value": null
              },
              "evaluations": {
                "type": "Integer",
                "value": null
              },
              "total_runtime": {
                "type": "Float",
                "value": null
              },
              "mean_runtime": {
                "type": "Float",
                "value": null
              },
              "stddev_runtime": {
                "type": "Float",
                "value": null
              },
              "min_runtime": {
                "type": "Float",
                "value": null
              },
              "max_runtime": {
                "type": "Float",
                "value": null
              },
              "total_compiletime": {
                "type": "Float",
                "value": null
              },
              "total_gc_allocs": {
                "type": "Integer",
                "value": null
              },
              "total_gc_size": {
                "type": "Integer",
                "value": null
              },
              "total_gc_time": {
                "type": "Float",
                "value": null
              },
              "datetime": {
                "type": "DateTime",
                "value": null
              }
            }
          }
        }
      },
      "hash": "b68561a8d08aefab4220990cad7fa249d917b10d7c67851df4023c42b90c0c1a",
      "fields": {
        "scenario": {
          "type": {
            "type": "String",
            "value": null
          },
          "ast_type": "Variable",
          "name": "scenario"
        },
        "event": {
          "type": {
            "type": "String",
            "value": null
          },
          "ast_type": "Variable",
          "name": "event"
        },
        "kind": {
          "type": {
            "type": "String",
            "value": null
          },
          "ast_type": "Variable",
          "name": "kind"
        },
        "evaluations": {
          "type": {
            "type": "Integer",
            "value": null
          },
          "ast_type": "Variable",
          "name": "evaluations"
        },
        "total_runtime": {
          "type": {
            "type": "Float",
            "value": null
          },
          "ast_type": "Variable",
          "name": "total_runtime"
        },
        "mean_runtime": {
          "type": {
            "type": "Float",
            "value": null
          },
          "ast_type": "Variable",
          "name": "mean_runtime"
        },
        "stddev_runtime": {
          "type": {
            "type": "Float",
            "value": null
          },
          "ast_type": "Variable",
          "name": "stddev_runtime"
        },
        "min_runtime": {
          "type": {
            "type": "Float",
            "value": null
          },
          "ast_type": "Variable",
          "name": "min_runtime"
        },
        "max_runtime": {
          "type": {
            "type": "Float",
            "value": null
          },
          "ast_type": "Variable",
          "name": "max_runtime"
        },
        "total_compiletime": {
          "type": {
            "type": "Float",
            "value": null
          },
          "ast_type": "Variable",
          "name": "total_compiletime"
        },
        "total_gc_allocs": {
          "type": {
            "type": "Integer",
            "value": null
          },
          "ast_type": "Variable",
          "name": "total_gc_allocs"
        },
        "total_gc_size": {
          "type": {
            "type": "Integer",
            "value": null
          },
          "ast_type": "Variable",
          "name": "total_gc_size"
        },
        "total_gc_time": {
          "type": {
            "type": "Float",
            "value": null
          },
          "ast_type": "Variable",
          "name": "total_gc_time"
        },
        "datetime": {
          "type": {
            "type": "DateTime",
            "value": null
          },
          "ast_type": "Variable",
          "name": "datetime"
        }
      },
      "primary_key": {
        "type": {
          "type": "String",
          "value": null
        },
        "ast_type": "StringJoin",
        "values": [
          {
            "type": {
              "type": "String",
              "value": null
            },
            "ast_type": "Variable",
            "name": "scenario"
          },
          {
            "type": {
              "type": "String",
              "value": null
            },
            "ast_type": "Const",
            "value": "."
          },
          {
            "type": {
              "type": "String",
              "value": null
            },
            "ast_type": "Variable",
            "name": "event"
          }
        ],
        "seperator": ""
      },
      "partitions": {
        "per_scenario": {
          "name": "PredictionPerformance.per_scenario",
          "partition_key": {
            "type": {
              "type": "String",
              "value": null
            },
            "ast_type": "Variable",
            "name": "scenario"
          },
          "label": {
            "type": {
              "type": "String",
              "value": null
            },
            "ast_type": "Variable",
            "name": "scenario"
          },
          "dir": "desc"
        }
      },
      "writable": false,
      "logging": true
    },
    "Scenario": {
      "name": "Scenario",
      "kind": "table",
      "type": {
        "type": "Dict",
        "value": {
          "key": {
            "type": "String",
            "value": null
          },
          "value": {
            "type": "Struct",
            "value": {
              "scenario": {
                "type": "String",
                "value": null
              },
              "parent": {
                "type": "String",
                "value": null,
                "nullable": true
              },
              "objectives": {
                "type": "Array",
                "value": {
                  "type": "Float",
                  "value": null
                },
                "nullable": true
              },
              "datetime": {
                "type": "DateTime",
                "value": null
              }
            }
          }
        }
      },
      "hash": "4d2d8f1c21b5298c9c3cea4aa2daa94b2be5e3406199e01985d798ad6b0d5964",
      "fields": {
        "scenario": {
          "type": {
            "type": "String",
            "value": null
          },
          "ast_type": "Variable",
          "name": "scenario"
        },
        "parent": {
          "type": {
            "type": "String",
            "value": null,
            "nullable": true
          },
          "ast_type": "Variable",
          "name": "parent"
        },
        "objectives": {
          "type": {
            "type": "Array",
            "value": {
              "type": "Float",
              "value": null
            },
            "nullable": true
          },
          "ast_type": "Variable",
          "name": "objectives"
        },
        "datetime": {
          "type": {
            "type": "DateTime",
            "value": null
          },
          "ast_type": "Variable",
          "name": "datetime"
        }
      },
      "primary_key": {
        "type": {
          "type": "String",
          "value": null
        },
        "ast_type": "Variable",
        "name": "scenario"
      },
      "partitions": {
        "all": {
          "name": "Scenario.all",
          "partition_key": null,
          "label": null,
          "dir": "desc"
        }
      },
      "writable": false,
      "logging": true
    },
    "Singleton": {
      "name": "Singleton",
      "kind": "table",
      "type": {
        "type": "Dict",
        "value": {
          "key": {
            "type": "String",
            "value": null
          },
          "value": {
            "type": "Struct",
            "value": {}
          }
        }
      },
      "hash": "b3b5610b5644ce028c5b82f127fc64896951dd92cc93d53c50eee8a5a79f0c72",
      "fields": {},
      "primary_key": {
        "type": {
          "type": "String",
          "value": null
        },
        "ast_type": "Const",
        "value": ""
      },
      "partitions": {
        "all": {
          "name": "Singleton.all",
          "partition_key": null,
          "label": null,
          "dir": "desc"
        }
      },
      "writable": false,
      "logging": true
    },
    "My Datastream": {
      "name": "My Datastream",
      "kind": "stream",
      "type": {
        "type": "Integer",
        "value": null
      }
    }
  },
  "loglevel": "warn",
  "settings": {
    "loglevel": "warn",
    "flush": [],
    "keep": []
  }
}