{
  "version": {
    "type": "integer",
    "kind": "literal",
    "value": "1"
  },
  "name": "HelloWorld",
  "tables": {
    "Status.Core": {
      "name": "Status.Core",
      "type": {
        "type": "Dict",
        "value": {
          "key": {
            "type": "String",
            "value": null
          },
          "value": {
            "type": "Struct",
            "value": {
              "item": {
                "type": "String",
                "value": null
              },
              "task": {
                "type": "String",
                "value": null
              },
              "status": {
                "type": "String",
                "value": null
              },
              "metadata": {
                "type": "Dict",
                "value": {
                  "key": {
                    "type": "String",
                    "value": null
                  },
                  "value": {
                    "type": "String",
                    "value": null
                  }
                }
              },
              "datetime": {
                "type": "DateTime",
                "value": null
              },
              "success": {
                "type": "Integer",
                "value": null
              },
              "failed": {
                "type": "Integer",
                "value": null
              },
              "duration": {
                "type": "Float",
                "value": null
              },
              "total_duration": {
                "type": "Float",
                "value": null
              },
              "max_duration": {
                "type": "Float",
                "value": null
              },
              "memory": {
                "type": "Integer",
                "value": null
              },
              "max_memory": {
                "type": "Integer",
                "value": null
              }
            }
          }
        }
      },
      "hash": "f73e421c1a62949d67c5e58bc9ae9dd309a8cb4c47772500498b39e09f3ad19e"
    },
    "Status.DataSource": {
      "name": "Status.DataSource",
      "type": {
        "type": "Dict",
        "value": {
          "key": {
            "type": "String",
            "value": null
          },
          "value": {
            "type": "Struct",
            "value": {
              "item": {
                "type": "String",
                "value": null
              },
              "task": {
                "type": "String",
                "value": null
              },
              "status": {
                "type": "String",
                "value": null
              },
              "metadata": {
                "type": "Dict",
                "value": {
                  "key": {
                    "type": "String",
                    "value": null
                  },
                  "value": {
                    "type": "String",
                    "value": null
                  }
                }
              },
              "datetime": {
                "type": "DateTime",
                "value": null
              },
              "success": {
                "type": "Integer",
                "value": null
              },
              "failed": {
                "type": "Integer",
                "value": null
              },
              "duration": {
                "type": "Float",
                "value": null
              },
              "total_duration": {
                "type": "Float",
                "value": null
              },
              "max_duration": {
                "type": "Float",
                "value": null
              },
              "memory": {
                "type": "Integer",
                "value": null
              },
              "max_memory": {
                "type": "Integer",
                "value": null
              }
            }
          }
        }
      },
      "hash": "f73e421c1a62949d67c5e58bc9ae9dd309a8cb4c47772500498b39e09f3ad19e"
    },
    "Status.Pipeline": {
      "name": "Status.Pipeline",
      "type": {
        "type": "Dict",
        "value": {
          "key": {
            "type": "String",
            "value": null
          },
          "value": {
            "type": "Struct",
            "value": {
              "item": {
                "type": "String",
                "value": null
              },
              "task": {
                "type": "String",
                "value": null
              },
              "status": {
                "type": "String",
                "value": null
              },
              "metadata": {
                "type": "Dict",
                "value": {
                  "key": {
                    "type": "String",
                    "value": null
                  },
                  "value": {
                    "type": "String",
                    "value": null
                  }
                }
              },
              "datetime": {
                "type": "DateTime",
                "value": null
              },
              "success": {
                "type": "Integer",
                "value": null
              },
              "failed": {
                "type": "Integer",
                "value": null
              },
              "duration": {
                "type": "Float",
                "value": null
              },
              "total_duration": {
                "type": "Float",
                "value": null
              },
              "max_duration": {
                "type": "Float",
                "value": null
              },
              "memory": {
                "type": "Integer",
                "value": null
              },
              "max_memory": {
                "type": "Integer",
                "value": null
              }
            }
          }
        }
      },
      "hash": "f73e421c1a62949d67c5e58bc9ae9dd309a8cb4c47772500498b39e09f3ad19e"
    },
    "Status.Mapping": {
      "name": "Status.Mapping",
      "type": {
        "type": "Dict",
        "value": {
          "key": {
            "type": "String",
            "value": null
          },
          "value": {
            "type": "Struct",
            "value": {
              "item": {
                "type": "String",
                "value": null
              },
              "task": {
                "type": "String",
                "value": null
              },
              "status": {
                "type": "String",
                "value": null
              },
              "metadata": {
                "type": "Dict",
                "value": {
                  "key": {
                    "type": "String",
                    "value": null
                  },
                  "value": {
                    "type": "String",
                    "value": null
                  }
                }
              },
              "datetime": {
                "type": "DateTime",
                "value": null
              },
              "success": {
                "type": "Integer",
                "value": null
              },
              "failed": {
                "type": "Integer",
                "value": null
              },
              "duration": {
                "type": "Float",
                "value": null
              },
              "total_duration": {
                "type": "Float",
                "value": null
              },
              "max_duration": {
                "type": "Float",
                "value": null
              },
              "memory": {
                "type": "Integer",
                "value": null
              },
              "max_memory": {
                "type": "Integer",
                "value": null
              }
            }
          }
        }
      },
      "hash": "f73e421c1a62949d67c5e58bc9ae9dd309a8cb4c47772500498b39e09f3ad19e"
    },
    "Status.Prediction": {
      "name": "Status.Prediction",
      "type": {
        "type": "Dict",
        "value": {
          "key": {
            "type": "String",
            "value": null
          },
          "value": {
            "type": "Struct",
            "value": {
              "item": {
                "type": "String",
                "value": null
              },
              "task": {
                "type": "String",
                "value": null
              },
              "status": {
                "type": "String",
                "value": null
              },
              "metadata": {
                "type": "Dict",
                "value": {
                  "key": {
                    "type": "String",
                    "value": null
                  },
                  "value": {
                    "type": "String",
                    "value": null
                  }
                }
              },
              "datetime": {
                "type": "DateTime",
                "value": null
              },
              "success": {
                "type": "Integer",
                "value": null
              },
              "failed": {
                "type": "Integer",
                "value": null
              },
              "duration": {
                "type": "Float",
                "value": null
              },
              "total_duration": {
                "type": "Float",
                "value": null
              },
              "max_duration": {
                "type": "Float",
                "value": null
              },
              "memory": {
                "type": "Integer",
                "value": null
              },
              "max_memory": {
                "type": "Integer",
                "value": null
              }
            }
          }
        }
      },
      "hash": "f73e421c1a62949d67c5e58bc9ae9dd309a8cb4c47772500498b39e09f3ad19e"
    },
    "Status.Training": {
      "name": "Status.Training",
      "type": {
        "type": "Dict",
        "value": {
          "key": {
            "type": "String",
            "value": null
          },
          "value": {
            "type": "Struct",
            "value": {
              "item": {
                "type": "String",
                "value": null
              },
              "task": {
                "type": "String",
                "value": null
              },
              "status": {
                "type": "String",
                "value": null
              },
              "metadata": {
                "type": "Dict",
                "value": {
                  "key": {
                    "type": "String",
                    "value": null
                  },
                  "value": {
                    "type": "String",
                    "value": null
                  }
                }
              },
              "datetime": {
                "type": "DateTime",
                "value": null
              },
              "success": {
                "type": "Integer",
                "value": null
              },
              "failed": {
                "type": "Integer",
                "value": null
              },
              "duration": {
                "type": "Float",
                "value": null
              },
              "total_duration": {
                "type": "Float",
                "value": null
              },
              "max_duration": {
                "type": "Float",
                "value": null
              },
              "memory": {
                "type": "Integer",
                "value": null
              },
              "max_memory": {
                "type": "Integer",
                "value": null
              }
            }
          }
        }
      },
      "hash": "f73e421c1a62949d67c5e58bc9ae9dd309a8cb4c47772500498b39e09f3ad19e"
    },
    "Status.Optimization": {
      "name": "Status.Optimization",
      "type": {
        "type": "Dict",
        "value": {
          "key": {
            "type": "String",
            "value": null
          },
          "value": {
            "type": "Struct",
            "value": {
              "item": {
                "type": "String",
                "value": null
              },
              "task": {
                "type": "String",
                "value": null
              },
              "status": {
                "type": "String",
                "value": null
              },
              "metadata": {
                "type": "Dict",
                "value": {
                  "key": {
                    "type": "String",
                    "value": null
                  },
                  "value": {
                    "type": "String",
                    "value": null
                  }
                }
              },
              "datetime": {
                "type": "DateTime",
                "value": null
              },
              "success": {
                "type": "Integer",
                "value": null
              },
              "failed": {
                "type": "Integer",
                "value": null
              },
              "duration": {
                "type": "Float",
                "value": null
              },
              "total_duration": {
                "type": "Float",
                "value": null
              },
              "max_duration": {
                "type": "Float",
                "value": null
              },
              "memory": {
                "type": "Integer",
                "value": null
              },
              "max_memory": {
                "type": "Integer",
                "value": null
              }
            }
          }
        }
      },
      "hash": "f73e421c1a62949d67c5e58bc9ae9dd309a8cb4c47772500498b39e09f3ad19e"
    },
    "Optimization": {
      "name": "Optimization",
      "type": {
        "type": "Dict",
        "value": {
          "key": {
            "type": "String",
            "value": null
          },
          "value": {
            "type": "Struct",
            "value": {
              "scenario": {
                "type": "String",
                "value": null
              },
              "iteration": {
                "type": "Integer",
                "value": null
              },
              "objective": {
                "type": "Float",
                "value": null
              },
              "options": {
                "type": "String",
                "value": null
              },
              "initial_sample": {
                "type": "Boolean",
                "value": null
              },
              "optimal": {
                "type": "Boolean",
                "value": null
              },
              "datetime": {
                "type": "DateTime",
                "value": null
              }
            }
          }
        }
      },
      "hash": "e89a8835087b07e07402d6f8444e5fc441d4ed6cb606c1ff7061fca0793341ca"
    },
    "PredictionPerformance": {
      "name": "PredictionPerformance",
      "type": {
        "type": "Dict",
        "value": {
          "key": {
            "type": "String",
            "value": null
          },
          "value": {
            "type": "Struct",
            "value": {
              "scenario": {
                "type": "String",
                "value": null
              },
              "event": {
                "type": "String",
                "value": null
              },
              "kind": {
                "type": "String",
                "value": null
              },
              "evaluations": {
                "type": "Integer",
                "value": null
              },
              "total_runtime": {
                "type": "Float",
                "value": null
              },
              "mean_runtime": {
                "type": "Float",
                "value": null
              },
              "stddev_runtime": {
                "type": "Float",
                "value": null
              },
              "min_runtime": {
                "type": "Float",
                "value": null
              },
              "max_runtime": {
                "type": "Float",
                "value": null
              },
              "total_compiletime": {
                "type": "Float",
                "value": null
              },
              "total_gc_allocs": {
                "type": "Integer",
                "value": null
              },
              "total_gc_size": {
                "type": "Integer",
                "value": null
              },
              "total_gc_time": {
                "type": "Float",
                "value": null
              },
              "datetime": {
                "type": "DateTime",
                "value": null
              }
            }
          }
        }
      },
      "hash": "1672421ec625e65157d4cab59220b71cb34cc4eb861d543c2057aa9a4da8fc26"
    },
    "Scenario": {
      "name": "Scenario",
      "type": {
        "type": "Dict",
        "value": {
          "key": {
            "type": "String",
            "value": null
          },
          "value": {
            "type": "Struct",
            "value": {
              "scenario": {
                "type": "String",
                "value": null
              },
              "parent": {
                "type": "String",
                "value": null,
                "nullable": true
              },
              "objectives": {
                "type": "Array",
                "value": {
                  "type": "Float",
                  "value": null
                },
                "nullable": true
              },
              "datetime": {
                "type": "DateTime",
                "value": null
              }
            }
          }
        }
      },
      "hash": "6cdf60a3584f4f756480848d98e9c8063ec9e8723a0c57341b652e8bc50eeea6"
    },
    "Singleton": {
      "name": "Singleton",
      "type": {
        "type": "Dict",
        "value": {
          "key": {
            "type": "String",
            "value": null
          },
          "value": {
            "type": "Struct",
            "value": {}
          }
        }
      },
      "hash": "9653b252ee57c814e4f8524d1545198c121784b8a23b5e221e77309dd0941158"
    },
    "My DictType Datastream": {
      "name": "My DictType Datastream",
      "type": {
        "type": "Dict",
        "value": {
          "key": {
            "type": "String",
            "value": null
          },
          "value": {
            "type": "Struct",
            "value": {
              "my_integer": {
                "type": "Integer",
                "value": null
              },
              "my_string": {
                "type": "String",
                "value": null
              }
            }
          }
        }
      },
      "hash": "8b9800d1e1e9a63df2992e4116cf5efaac6ceb6b025f741899afb1d799318b85"
    },
    "My IntegerType Datastream": {
      "name": "My IntegerType Datastream",
      "type": {
        "type": "Integer",
        "value": null,
        "nullable": true
      },
      "hash": "dc0e05bdb88428a65f00ffa7c8ab62f07d593bf0fd13225820427b774af906a0"
    }
  },
  "loglevel": "warn",
  "settings": {
    "loglevel": "warn",
    "flush": [],
    "keep": []
  }
}