{
  "version": {
    "type": "integer",
    "kind": "literal",
    "value": "1"
  },
  "name": "HelloWorld",
  "datasources": {
    "Products": {
      "type": "csv",
      "name": "Products",
      "uri": "file://data/products.csv",
      "poll": null,
      "delimiter": ",",
      "skip_n": 0,
      "output": {
        "name": "Source.Products",
        "type": {
          "type": "Dict",
          "value": {
            "key": {
              "type": "String",
              "value": null
            },
            "value": {
              "type": "Struct",
              "value": {
                "Name": {
                  "type": "String",
                  "value": null
                },
                "Code": {
                  "type": "String",
                  "value": null
                },
                "Category": {
                  "type": "String",
                  "value": null
                },
                "Unit Cost": {
                  "type": "Float",
                  "value": null
                }
              }
            }
          }
        },
        "hash": "fb84e7163e96a95a407091056ed3aac2a91ca3466b1e79ac270aab33d6ee59d6"
      },
      "fields": {
        "Name": {
          "type": {
            "type": "String",
            "value": null
          },
          "ast_type": "Variable",
          "name": "Name"
        },
        "Code": {
          "type": {
            "type": "String",
            "value": null
          },
          "ast_type": "Variable",
          "name": "Code"
        },
        "Category": {
          "type": {
            "type": "String",
            "value": null
          },
          "ast_type": "Variable",
          "name": "Category"
        },
        "Unit Cost": {
          "type": {
            "type": "Float",
            "value": null
          },
          "ast_type": "Variable",
          "name": "Unit Cost"
        }
      },
      "key": {
        "type": {
          "type": "String",
          "value": null
        },
        "ast_type": "Variable",
        "name": "Code"
      },
      "selections": {
        "Name": {
          "type": {
            "type": "String",
            "value": null
          },
          "ast_type": "Parse",
          "from": {
            "type": {
              "type": "String",
              "value": null
            },
            "ast_type": "Variable",
            "name": "Name"
          }
        },
        "Code": {
          "type": {
            "type": "String",
            "value": null
          },
          "ast_type": "Parse",
          "from": {
            "type": {
              "type": "String",
              "value": null
            },
            "ast_type": "Variable",
            "name": "Code"
          }
        },
        "Category": {
          "type": {
            "type": "String",
            "value": null
          },
          "ast_type": "Parse",
          "from": {
            "type": {
              "type": "String",
              "value": null
            },
            "ast_type": "Variable",
            "name": "Category"
          }
        },
        "Unit Cost": {
          "type": {
            "type": "Float",
            "value": null
          },
          "ast_type": "Parse",
          "from": {
            "type": {
              "type": "Float",
              "value": null
            },
            "ast_type": "Variable",
            "name": "Unit Cost"
          }
        }
      },
      "filter": {
        "type": {
          "type": "Boolean",
          "value": null
        },
        "ast_type": "Const",
        "value": true
      },
      "source_type": "single_source"
    },
    "Sales": {
      "type": "json",
      "name": "Sales",
      "uri": "file://data/sales.jsonl",
      "poll": null,
      "output": {
        "name": "Source.Sales",
        "type": {
          "type": "Dict",
          "value": {
            "key": {
              "type": "String",
              "value": null
            },
            "value": {
              "type": "Struct",
              "value": {
                "transactionDate": {
                  "type": "DateTime",
                  "value": null
                },
                "items": {
                  "type": "Array",
                  "value": {
                    "type": "Struct",
                    "value": {
                      "productCode": {
                        "type": "String",
                        "value": null
                      },
                      "units": {
                        "type": "Integer",
                        "value": null
                      },
                      "salePrice": {
                        "type": "Float",
                        "value": null
                      }
                    }
                  }
                }
              }
            }
          }
        },
        "hash": "a35f1cb14a495736e15e478276063d4202774cc856afc3a93e997929738a0cf9"
      },
      "fields": {
        "transactionDate": {
          "type": {
            "type": "DateTime",
            "value": null
          },
          "ast_type": "Variable",
          "name": "transactionDate"
        },
        "items": {
          "type": {
            "type": "Array",
            "value": {
              "type": "Struct",
              "value": {
                "productCode": {
                  "type": "String",
                  "value": null
                },
                "units": {
                  "type": "Integer",
                  "value": null
                },
                "salePrice": {
                  "type": "Float",
                  "value": null
                }
              }
            }
          },
          "ast_type": "Variable",
          "name": "items"
        }
      },
      "key": {
        "type": {
          "type": "String",
          "value": null
        },
        "ast_type": "Print",
        "value": {
          "type": {
            "type": "DateTime",
            "value": null
          },
          "ast_type": "Variable",
          "name": "transactionDate"
        }
      },
      "selections": {
        "transactionDate": {
          "type": {
            "type": "DateTime",
            "value": null
          },
          "ast_type": "Parse",
          "from": {
            "type": {
              "type": "DateTime",
              "value": null
            },
            "ast_type": "Variable",
            "name": "transactionDate"
          }
        },
        "items": {
          "type": {
            "type": "Array",
            "value": {
              "type": "Struct",
              "value": {
                "productCode": {
                  "type": "String",
                  "value": null
                },
                "units": {
                  "type": "Integer",
                  "value": null
                },
                "salePrice": {
                  "type": "Float",
                  "value": null
                }
              }
            }
          },
          "ast_type": "Parse",
          "from": {
            "type": {
              "type": "Array",
              "value": {
                "type": "Struct",
                "value": {
                  "productCode": {
                    "type": "String",
                    "value": null
                  },
                  "units": {
                    "type": "Integer",
                    "value": null
                  },
                  "salePrice": {
                    "type": "Float",
                    "value": null
                  }
                }
              }
            },
            "ast_type": "Variable",
            "name": "items"
          }
        }
      },
      "filter": {
        "type": {
          "type": "Boolean",
          "value": null
        },
        "ast_type": "Const",
        "value": true
      },
      "source_type": "single_source"
    }
  },
  "pipelines": {
    "By Category": {
      "name": "By Category",
      "input_table": "Pipeline.Disaggregate Items",
      "operations": [
        {
          "type": "aggregate",
          "input_key": "#key0",
          "group_field": {
            "type": {
              "type": "String",
              "value": null
            },
            "ast_type": "Variable",
            "name": "productCode"
          },
          "group_value": {
            "type": {
              "type": "String",
              "value": null
            },
            "ast_type": "Variable",
            "name": "productCode"
          },
          "aggregations": {
            "units": {
              "type": {
                "type": "Integer",
                "value": null
              },
              "aggregation_type": "Sum",
              "input_key": "#key0",
              "value": {
                "type": {
                  "type": "Integer",
                  "value": null
                },
                "ast_type": "Variable",
                "name": "units"
              },
              "field": {
                "type": {
                  "type": "Integer",
                  "value": null
                },
                "ast_type": "Variable",
                "name": "units"
              }
            }
          }
        }
      ],
      "output_table": {
        "name": "Pipeline.By Category",
        "type": {
          "type": "Dict",
          "value": {
            "key": {
              "type": "String",
              "value": null
            },
            "value": {
              "type": "Struct",
              "value": {
                "productCode": {
                  "type": "String",
                  "value": null
                },
                "units": {
                  "type": "Integer",
                  "value": null
                }
              }
            }
          }
        },
        "hash": "9c1ccf175c3a6b2e94786482426d63d0483870ece690d8d6a9055a824e8c1323"
      }
    },
    "By Date": {
      "name": "By Date",
      "input_table": "Source.Sales",
      "operations": [
        {
          "type": "aggregate",
          "input_key": "#key0",
          "group_field": {
            "type": {
              "type": "DateTime",
              "value": null
            },
            "ast_type": "Variable",
            "name": "date"
          },
          "group_value": {
            "type": {
              "type": "DateTime",
              "value": null
            },
            "ast_type": "Round",
            "rounding_mode": "floor",
            "value": {
              "type": {
                "type": "DateTime",
                "value": null
              },
              "ast_type": "Variable",
              "name": "transactionDate"
            },
            "unit": "day"
          },
          "aggregations": {
            "countTransactions": {
              "type": {
                "type": "Integer",
                "value": null
              },
              "aggregation_type": "Sum",
              "input_key": "#key0",
              "value": {
                "type": {
                  "type": "Integer",
                  "value": null
                },
                "ast_type": "Const",
                "value": {
                  "type": "integer",
                  "kind": "literal",
                  "value": "1"
                }
              },
              "field": {
                "type": {
                  "type": "Integer",
                  "value": null
                },
                "ast_type": "Variable",
                "name": "countTransactions"
              }
            }
          }
        }
      ],
      "output_table": {
        "name": "Pipeline.By Date",
        "type": {
          "type": "Dict",
          "value": {
            "key": {
              "type": "String",
              "value": null
            },
            "value": {
              "type": "Struct",
              "value": {
                "date": {
                  "type": "DateTime",
                  "value": null
                },
                "countTransactions": {
                  "type": "Integer",
                  "value": null
                }
              }
            }
          }
        },
        "hash": "f504c11a6ba25991e2edb0aaefd9cc94b1e1295e9f24811f2de3e2c9a672d6ef"
      }
    },
    "Disaggregate Items": {
      "name": "Disaggregate Items",
      "input_table": "Source.Sales",
      "operations": [
        {
          "collection": {
            "type": {
              "type": "Array",
              "value": {
                "type": "Struct",
                "value": {
                  "productCode": {
                    "type": "String",
                    "value": null
                  },
                  "units": {
                    "type": "Integer",
                    "value": null
                  },
                  "salePrice": {
                    "type": "Float",
                    "value": null
                  }
                }
              }
            },
            "ast_type": "Variable",
            "name": "items"
          },
          "value": {
            "type": {
              "type": "Struct",
              "value": {
                "productCode": {
                  "type": "String",
                  "value": null
                },
                "units": {
                  "type": "Integer",
                  "value": null
                },
                "salePrice": {
                  "type": "Float",
                  "value": null
                }
              }
            },
            "ast_type": "Variable",
            "name": "_value_iF4U5AqhvbLihN4PxestgI"
          },
          "input_key": "#key0",
          "collection_key": {
            "type": {
              "type": "Integer",
              "value": null
            },
            "ast_type": "Variable",
            "name": "_key_M0hPUohyPPHRo_r2IdlrMK"
          },
          "type": "disaggregate",
          "selections": {
            "transactionDate": {
              "type": {
                "type": "DateTime",
                "value": null
              },
              "ast_type": "Variable",
              "name": "transactionDate"
            },
            "productCode": {
              "type": {
                "type": "String",
                "value": null
              },
              "ast_type": "GetField",
              "struct": {
                "type": {
                  "type": "Struct",
                  "value": {
                    "productCode": {
                      "type": "String",
                      "value": null
                    },
                    "units": {
                      "type": "Integer",
                      "value": null
                    },
                    "salePrice": {
                      "type": "Float",
                      "value": null
                    }
                  }
                },
                "ast_type": "Variable",
                "name": "_value_iF4U5AqhvbLihN4PxestgI"
              },
              "key": "productCode"
            },
            "units": {
              "type": {
                "type": "Integer",
                "value": null
              },
              "ast_type": "GetField",
              "struct": {
                "type": {
                  "type": "Struct",
                  "value": {
                    "productCode": {
                      "type": "String",
                      "value": null
                    },
                    "units": {
                      "type": "Integer",
                      "value": null
                    },
                    "salePrice": {
                      "type": "Float",
                      "value": null
                    }
                  }
                },
                "ast_type": "Variable",
                "name": "_value_iF4U5AqhvbLihN4PxestgI"
              },
              "key": "units"
            },
            "salePrice": {
              "type": {
                "type": "Float",
                "value": null
              },
              "ast_type": "GetField",
              "struct": {
                "type": {
                  "type": "Struct",
                  "value": {
                    "productCode": {
                      "type": "String",
                      "value": null
                    },
                    "units": {
                      "type": "Integer",
                      "value": null
                    },
                    "salePrice": {
                      "type": "Float",
                      "value": null
                    }
                  }
                },
                "ast_type": "Variable",
                "name": "_value_iF4U5AqhvbLihN4PxestgI"
              },
              "key": "salePrice"
            }
          },
          "output_key": {
            "type": {
              "type": "String",
              "value": null
            },
            "ast_type": "StringJoin",
            "values": [
              {
                "type": {
                  "type": "String",
                  "value": null
                },
                "ast_type": "Variable",
                "name": "#key0"
              },
              {
                "type": {
                  "type": "String",
                  "value": null
                },
                "ast_type": "Const",
                "value": "."
              },
              {
                "type": {
                  "type": "String",
                  "value": null
                },
                "ast_type": "Print",
                "value": {
                  "type": {
                    "type": "Integer",
                    "value": null
                  },
                  "ast_type": "Variable",
                  "name": "_key_M0hPUohyPPHRo_r2IdlrMK"
                }
              }
            ],
            "seperator": ""
          }
        }
      ],
      "output_table": {
        "name": "Pipeline.Disaggregate Items",
        "type": {
          "type": "Dict",
          "value": {
            "key": {
              "type": "String",
              "value": null
            },
            "value": {
              "type": "Struct",
              "value": {
                "transactionDate": {
                  "type": "DateTime",
                  "value": null
                },
                "productCode": {
                  "type": "String",
                  "value": null
                },
                "units": {
                  "type": "Integer",
                  "value": null
                },
                "salePrice": {
                  "type": "Float",
                  "value": null
                }
              }
            }
          }
        },
        "hash": "497d6e82d32f03394c13f307cc4b051822e003f63a49f5a75dc3527b113c5a48"
      }
    },
    "Disaggregate Units": {
      "name": "Disaggregate Units",
      "input_table": "Pipeline.Disaggregate Items",
      "operations": [
        {
          "collection": {
            "type": {
              "type": "Array",
              "value": {
                "type": "Integer",
                "value": null
              }
            },
            "ast_type": "Range",
            "start": {
              "type": {
                "type": "Integer",
                "value": null
              },
              "ast_type": "Const",
              "value": {
                "type": "integer",
                "kind": "literal",
                "value": "1"
              }
            },
            "stop": {
              "type": {
                "type": "Integer",
                "value": null
              },
              "ast_type": "Variable",
              "name": "units"
            }
          },
          "value": {
            "type": {
              "type": "Integer",
              "value": null
            },
            "ast_type": "Variable",
            "name": "_value_d9jqlxABwkeIXvHvpbkGXk"
          },
          "input_key": "#key0",
          "collection_key": {
            "type": {
              "type": "Integer",
              "value": null
            },
            "ast_type": "Variable",
            "name": "_key_p4ORto2ieniKQNnOZZOIDO"
          },
          "type": "disaggregate",
          "selections": {
            "transactionDate": {
              "type": {
                "type": "DateTime",
                "value": null
              },
              "ast_type": "Variable",
              "name": "transactionDate"
            },
            "productCode": {
              "type": {
                "type": "String",
                "value": null
              },
              "ast_type": "Variable",
              "name": "productCode"
            },
            "salePrice": {
              "type": {
                "type": "Float",
                "value": null
              },
              "ast_type": "Divide",
              "first": {
                "type": {
                  "type": "Float",
                  "value": null
                },
                "ast_type": "Variable",
                "name": "salePrice"
              },
              "second": {
                "type": {
                  "type": "Float",
                  "value": null
                },
                "ast_type": "Convert",
                "from": {
                  "type": {
                    "type": "Integer",
                    "value": null
                  },
                  "ast_type": "Variable",
                  "name": "units"
                }
              }
            }
          },
          "output_key": {
            "type": {
              "type": "String",
              "value": null
            },
            "ast_type": "StringJoin",
            "values": [
              {
                "type": {
                  "type": "String",
                  "value": null
                },
                "ast_type": "Variable",
                "name": "#key0"
              },
              {
                "type": {
                  "type": "String",
                  "value": null
                },
                "ast_type": "Const",
                "value": "."
              },
              {
                "type": {
                  "type": "String",
                  "value": null
                },
                "ast_type": "Print",
                "value": {
                  "type": {
                    "type": "Integer",
                    "value": null
                  },
                  "ast_type": "Variable",
                  "name": "_key_p4ORto2ieniKQNnOZZOIDO"
                }
              }
            ],
            "seperator": ""
          }
        }
      ],
      "output_table": {
        "name": "Pipeline.Disaggregate Units",
        "type": {
          "type": "Dict",
          "value": {
            "key": {
              "type": "String",
              "value": null
            },
            "value": {
              "type": "Struct",
              "value": {
                "transactionDate": {
                  "type": "DateTime",
                  "value": null
                },
                "productCode": {
                  "type": "String",
                  "value": null
                },
                "salePrice": {
                  "type": "Float",
                  "value": null
                }
              }
            }
          }
        },
        "hash": "f61916c8eaa500db5090967732ffcce47101df5f03ee7abca66283a56e574872"
      }
    },
    "Filter After Datetime": {
      "name": "Filter After Datetime",
      "input_table": "Source.Sales",
      "operations": [
        {
          "type": "filter",
          "key": "#key0",
          "predicate": {
            "type": {
              "type": "Boolean",
              "value": null
            },
            "ast_type": "GreaterEqual",
            "first": {
              "type": {
                "type": "DateTime",
                "value": null
              },
              "ast_type": "Variable",
              "name": "transactionDate"
            },
            "second": {
              "type": {
                "type": "DateTime",
                "value": null
              },
              "ast_type": "Const",
              "value": {
                "type": "datetime",
                "kind": "literal",
                "value": "2022-11-10T00:00:00.000Z"
              }
            }
          }
        }
      ],
      "output_table": {
        "name": "Pipeline.Filter After Datetime",
        "type": {
          "type": "Dict",
          "value": {
            "key": {
              "type": "String",
              "value": null
            },
            "value": {
              "type": "Struct",
              "value": {
                "transactionDate": {
                  "type": "DateTime",
                  "value": null
                },
                "items": {
                  "type": "Array",
                  "value": {
                    "type": "Struct",
                    "value": {
                      "productCode": {
                        "type": "String",
                        "value": null
                      },
                      "units": {
                        "type": "Integer",
                        "value": null
                      },
                      "salePrice": {
                        "type": "Float",
                        "value": null
                      }
                    }
                  }
                }
              }
            }
          }
        },
        "hash": "a35f1cb14a495736e15e478276063d4202774cc856afc3a93e997929738a0cf9"
      }
    },
    "Filter On Date": {
      "name": "Filter On Date",
      "input_table": "Source.Sales",
      "operations": [
        {
          "type": "filter",
          "key": "#key0",
          "predicate": {
            "type": {
              "type": "Boolean",
              "value": null
            },
            "ast_type": "Equal",
            "first": {
              "type": {
                "type": "DateTime",
                "value": null
              },
              "ast_type": "Round",
              "rounding_mode": "floor",
              "value": {
                "type": {
                  "type": "DateTime",
                  "value": null
                },
                "ast_type": "Variable",
                "name": "transactionDate"
              },
              "unit": "day"
            },
            "second": {
              "type": {
                "type": "DateTime",
                "value": null
              },
              "ast_type": "Const",
              "value": {
                "type": "datetime",
                "kind": "literal",
                "value": "2022-11-10T00:00:00.000Z"
              }
            }
          }
        }
      ],
      "output_table": {
        "name": "Pipeline.Filter On Date",
        "type": {
          "type": "Dict",
          "value": {
            "key": {
              "type": "String",
              "value": null
            },
            "value": {
              "type": "Struct",
              "value": {
                "transactionDate": {
                  "type": "DateTime",
                  "value": null
                },
                "items": {
                  "type": "Array",
                  "value": {
                    "type": "Struct",
                    "value": {
                      "productCode": {
                        "type": "String",
                        "value": null
                      },
                      "units": {
                        "type": "Integer",
                        "value": null
                      },
                      "salePrice": {
                        "type": "Float",
                        "value": null
                      }
                    }
                  }
                }
              }
            }
          }
        },
        "hash": "a35f1cb14a495736e15e478276063d4202774cc856afc3a93e997929738a0cf9"
      }
    },
    "Filter Revenue Greater than 100": {
      "name": "Filter Revenue Greater than 100",
      "input_table": "Source.Sales",
      "operations": [
        {
          "type": "filter",
          "key": "#key0",
          "predicate": {
            "type": {
              "type": "Boolean",
              "value": null
            },
            "ast_type": "Greater",
            "first": {
              "type": {
                "type": "Float",
                "value": null
              },
              "ast_type": "Reduce",
              "collection": {
                "type": {
                  "type": "Array",
                  "value": {
                    "type": "Struct",
                    "value": {
                      "productCode": {
                        "type": "String",
                        "value": null
                      },
                      "units": {
                        "type": "Integer",
                        "value": null
                      },
                      "salePrice": {
                        "type": "Float",
                        "value": null
                      }
                    }
                  }
                },
                "ast_type": "Variable",
                "name": "items"
              },
              "reducer": {
                "type": {
                  "type": "Float",
                  "value": null
                },
                "ast_type": "Add",
                "first": {
                  "type": {
                    "type": "Float",
                    "value": null
                  },
                  "ast_type": "Variable",
                  "name": "_previous_h0yEWmd8FlfIDXvY0G1SHx"
                },
                "second": {
                  "type": {
                    "type": "Float",
                    "value": null
                  },
                  "ast_type": "GetField",
                  "struct": {
                    "type": {
                      "type": "Struct",
                      "value": {
                        "productCode": {
                          "type": "String",
                          "value": null
                        },
                        "units": {
                          "type": "Integer",
                          "value": null
                        },
                        "salePrice": {
                          "type": "Float",
                          "value": null
                        }
                      }
                    },
                    "ast_type": "Variable",
                    "name": "_value_A$XMaw__arImFDFel8sEaI"
                  },
                  "key": "salePrice"
                }
              },
              "initial": {
                "type": {
                  "type": "Float",
                  "value": null
                },
                "ast_type": "Const",
                "value": 0
              },
              "previous": {
                "type": {
                  "type": "Float",
                  "value": null
                },
                "ast_type": "Variable",
                "name": "_previous_h0yEWmd8FlfIDXvY0G1SHx"
              },
              "value": {
                "type": {
                  "type": "Struct",
                  "value": {
                    "productCode": {
                      "type": "String",
                      "value": null
                    },
                    "units": {
                      "type": "Integer",
                      "value": null
                    },
                    "salePrice": {
                      "type": "Float",
                      "value": null
                    }
                  }
                },
                "ast_type": "Variable",
                "name": "_value_A$XMaw__arImFDFel8sEaI"
              },
              "key": {
                "type": {
                  "type": "Integer",
                  "value": null
                },
                "ast_type": "Variable",
                "name": "_key_PaS1tczAWrQ4gaxYm29aak"
              }
            },
            "second": {
              "type": {
                "type": "Float",
                "value": null
              },
              "ast_type": "Const",
              "value": 100
            }
          }
        }
      ],
      "output_table": {
        "name": "Pipeline.Filter Revenue Greater than 100",
        "type": {
          "type": "Dict",
          "value": {
            "key": {
              "type": "String",
              "value": null
            },
            "value": {
              "type": "Struct",
              "value": {
                "transactionDate": {
                  "type": "DateTime",
                  "value": null
                },
                "items": {
                  "type": "Array",
                  "value": {
                    "type": "Struct",
                    "value": {
                      "productCode": {
                        "type": "String",
                        "value": null
                      },
                      "units": {
                        "type": "Integer",
                        "value": null
                      },
                      "salePrice": {
                        "type": "Float",
                        "value": null
                      }
                    }
                  }
                }
              }
            }
          }
        },
        "hash": "a35f1cb14a495736e15e478276063d4202774cc856afc3a93e997929738a0cf9"
      }
    },
    "Sales and Product Info": {
      "name": "Sales and Product Info",
      "input_table": "Pipeline.Disaggregate Items",
      "operations": [
        {
          "type": "join",
          "join_type": "Inner",
          "source_table": "Source.Products",
          "source_input_key": "#right_key0",
          "source_key": {
            "type": {
              "type": "String",
              "value": null
            },
            "ast_type": "Variable",
            "name": "Code"
          },
          "source_selections": {
            "productName": {
              "type": {
                "type": "String",
                "value": null
              },
              "ast_type": "Variable",
              "name": "Name"
            },
            "productCategory": {
              "type": {
                "type": "String",
                "value": null
              },
              "ast_type": "Variable",
              "name": "Category"
            },
            "productUnitCost": {
              "type": {
                "type": "Float",
                "value": null
              },
              "ast_type": "Variable",
              "name": "Unit Cost"
            }
          },
          "target_input_key": "#left_key0",
          "target_key": {
            "type": {
              "type": "String",
              "value": null
            },
            "ast_type": "Variable",
            "name": "productCode"
          },
          "target_selections": {
            "productCode": {
              "type": {
                "type": "String",
                "value": null
              },
              "ast_type": "Variable",
              "name": "productCode"
            },
            "transactionDate": {
              "type": {
                "type": "DateTime",
                "value": null
              },
              "ast_type": "Variable",
              "name": "transactionDate"
            },
            "units": {
              "type": {
                "type": "Integer",
                "value": null
              },
              "ast_type": "Variable",
              "name": "units"
            }
          },
          "output_key": {
            "type": {
              "type": "String",
              "value": null
            },
            "ast_type": "StringJoin",
            "values": [
              {
                "type": {
                  "type": "String",
                  "value": null
                },
                "ast_type": "Print",
                "value": {
                  "type": {
                    "type": "DateTime",
                    "value": null
                  },
                  "ast_type": "Variable",
                  "name": "transactionDate"
                }
              },
              {
                "type": {
                  "type": "String",
                  "value": null
                },
                "ast_type": "Const",
                "value": "."
              },
              {
                "type": {
                  "type": "String",
                  "value": null
                },
                "ast_type": "Variable",
                "name": "productCode"
              }
            ],
            "seperator": ""
          }
        }
      ],
      "output_table": {
        "name": "Pipeline.Sales and Product Info",
        "type": {
          "type": "Dict",
          "value": {
            "key": {
              "type": "String",
              "value": null
            },
            "value": {
              "type": "Struct",
              "value": {
                "productCode": {
                  "type": "String",
                  "value": null
                },
                "transactionDate": {
                  "type": "DateTime",
                  "value": null
                },
                "units": {
                  "type": "Integer",
                  "value": null
                },
                "productName": {
                  "type": "String",
                  "value": null
                },
                "productCategory": {
                  "type": "String",
                  "value": null
                },
                "productUnitCost": {
                  "type": "Float",
                  "value": null
                }
              }
            }
          }
        },
        "hash": "a48b1e853d6b58087646b262f4b7406d61e20a8da82c82fe4d85d88f9143a6b2"
      }
    },
    "Units Per Product Code By Date": {
      "name": "Units Per Product Code By Date",
      "input_table": "Pipeline.Disaggregate Items",
      "operations": [
        {
          "type": "aggregate",
          "input_key": "#key0",
          "group_field": {
            "type": {
              "type": "DateTime",
              "value": null
            },
            "ast_type": "Variable",
            "name": "date"
          },
          "group_value": {
            "type": {
              "type": "DateTime",
              "value": null
            },
            "ast_type": "Round",
            "rounding_mode": "floor",
            "value": {
              "type": {
                "type": "DateTime",
                "value": null
              },
              "ast_type": "Variable",
              "name": "transactionDate"
            },
            "unit": "day"
          },
          "aggregations": {
            "unitsPerProductCode": {
              "type": {
                "type": "Dict",
                "value": {
                  "key": {
                    "type": "String",
                    "value": null
                  },
                  "value": {
                    "type": "Integer",
                    "value": null
                  }
                }
              },
              "aggregation_type": "CollectDictSum",
              "input_key": "#key0",
              "value": {
                "type": {
                  "type": "Integer",
                  "value": null
                },
                "ast_type": "Variable",
                "name": "units"
              },
              "key": {
                "type": {
                  "type": "String",
                  "value": null
                },
                "ast_type": "Variable",
                "name": "productCode"
              },
              "field": {
                "type": {
                  "type": "Dict",
                  "value": {
                    "key": {
                      "type": "String",
                      "value": null
                    },
                    "value": {
                      "type": "Integer",
                      "value": null
                    }
                  }
                },
                "ast_type": "Variable",
                "name": "unitsPerProductCode"
              }
            }
          }
        }
      ],
      "output_table": {
        "name": "Pipeline.Units Per Product Code By Date",
        "type": {
          "type": "Dict",
          "value": {
            "key": {
              "type": "String",
              "value": null
            },
            "value": {
              "type": "Struct",
              "value": {
                "date": {
                  "type": "DateTime",
                  "value": null
                },
                "unitsPerProductCode": {
                  "type": "Dict",
                  "value": {
                    "key": {
                      "type": "String",
                      "value": null
                    },
                    "value": {
                      "type": "Integer",
                      "value": null
                    }
                  }
                }
              }
            }
          }
        },
        "hash": "b9f778541d96e7a4ba73fe6c7d6a6f99416a4c84f05b16bc876ec6ee34bb0105"
      }
    }
  },
  "tables": {
    "Status.Core": {
      "name": "Status.Core",
      "type": {
        "type": "Dict",
        "value": {
          "key": {
            "type": "String",
            "value": null
          },
          "value": {
            "type": "Struct",
            "value": {
              "item": {
                "type": "String",
                "value": null
              },
              "task": {
                "type": "String",
                "value": null
              },
              "status": {
                "type": "String",
                "value": null
              },
              "metadata": {
                "type": "Dict",
                "value": {
                  "key": {
                    "type": "String",
                    "value": null
                  },
                  "value": {
                    "type": "String",
                    "value": null
                  }
                }
              },
              "datetime": {
                "type": "DateTime",
                "value": null
              },
              "success": {
                "type": "Integer",
                "value": null
              },
              "failed": {
                "type": "Integer",
                "value": null
              },
              "duration": {
                "type": "Float",
                "value": null
              },
              "total_duration": {
                "type": "Float",
                "value": null
              },
              "max_duration": {
                "type": "Float",
                "value": null
              },
              "memory": {
                "type": "Integer",
                "value": null
              },
              "max_memory": {
                "type": "Integer",
                "value": null
              }
            }
          }
        }
      },
      "hash": "f73e421c1a62949d67c5e58bc9ae9dd309a8cb4c47772500498b39e09f3ad19e"
    },
    "Status.DataSource": {
      "name": "Status.DataSource",
      "type": {
        "type": "Dict",
        "value": {
          "key": {
            "type": "String",
            "value": null
          },
          "value": {
            "type": "Struct",
            "value": {
              "item": {
                "type": "String",
                "value": null
              },
              "task": {
                "type": "String",
                "value": null
              },
              "status": {
                "type": "String",
                "value": null
              },
              "metadata": {
                "type": "Dict",
                "value": {
                  "key": {
                    "type": "String",
                    "value": null
                  },
                  "value": {
                    "type": "String",
                    "value": null
                  }
                }
              },
              "datetime": {
                "type": "DateTime",
                "value": null
              },
              "success": {
                "type": "Integer",
                "value": null
              },
              "failed": {
                "type": "Integer",
                "value": null
              },
              "duration": {
                "type": "Float",
                "value": null
              },
              "total_duration": {
                "type": "Float",
                "value": null
              },
              "max_duration": {
                "type": "Float",
                "value": null
              },
              "memory": {
                "type": "Integer",
                "value": null
              },
              "max_memory": {
                "type": "Integer",
                "value": null
              }
            }
          }
        }
      },
      "hash": "f73e421c1a62949d67c5e58bc9ae9dd309a8cb4c47772500498b39e09f3ad19e"
    },
    "Status.Pipeline": {
      "name": "Status.Pipeline",
      "type": {
        "type": "Dict",
        "value": {
          "key": {
            "type": "String",
            "value": null
          },
          "value": {
            "type": "Struct",
            "value": {
              "item": {
                "type": "String",
                "value": null
              },
              "task": {
                "type": "String",
                "value": null
              },
              "status": {
                "type": "String",
                "value": null
              },
              "metadata": {
                "type": "Dict",
                "value": {
                  "key": {
                    "type": "String",
                    "value": null
                  },
                  "value": {
                    "type": "String",
                    "value": null
                  }
                }
              },
              "datetime": {
                "type": "DateTime",
                "value": null
              },
              "success": {
                "type": "Integer",
                "value": null
              },
              "failed": {
                "type": "Integer",
                "value": null
              },
              "duration": {
                "type": "Float",
                "value": null
              },
              "total_duration": {
                "type": "Float",
                "value": null
              },
              "max_duration": {
                "type": "Float",
                "value": null
              },
              "memory": {
                "type": "Integer",
                "value": null
              },
              "max_memory": {
                "type": "Integer",
                "value": null
              }
            }
          }
        }
      },
      "hash": "f73e421c1a62949d67c5e58bc9ae9dd309a8cb4c47772500498b39e09f3ad19e"
    },
    "Status.Mapping": {
      "name": "Status.Mapping",
      "type": {
        "type": "Dict",
        "value": {
          "key": {
            "type": "String",
            "value": null
          },
          "value": {
            "type": "Struct",
            "value": {
              "item": {
                "type": "String",
                "value": null
              },
              "task": {
                "type": "String",
                "value": null
              },
              "status": {
                "type": "String",
                "value": null
              },
              "metadata": {
                "type": "Dict",
                "value": {
                  "key": {
                    "type": "String",
                    "value": null
                  },
                  "value": {
                    "type": "String",
                    "value": null
                  }
                }
              },
              "datetime": {
                "type": "DateTime",
                "value": null
              },
              "success": {
                "type": "Integer",
                "value": null
              },
              "failed": {
                "type": "Integer",
                "value": null
              },
              "duration": {
                "type": "Float",
                "value": null
              },
              "total_duration": {
                "type": "Float",
                "value": null
              },
              "max_duration": {
                "type": "Float",
                "value": null
              },
              "memory": {
                "type": "Integer",
                "value": null
              },
              "max_memory": {
                "type": "Integer",
                "value": null
              }
            }
          }
        }
      },
      "hash": "f73e421c1a62949d67c5e58bc9ae9dd309a8cb4c47772500498b39e09f3ad19e"
    },
    "Status.Prediction": {
      "name": "Status.Prediction",
      "type": {
        "type": "Dict",
        "value": {
          "key": {
            "type": "String",
            "value": null
          },
          "value": {
            "type": "Struct",
            "value": {
              "item": {
                "type": "String",
                "value": null
              },
              "task": {
                "type": "String",
                "value": null
              },
              "status": {
                "type": "String",
                "value": null
              },
              "metadata": {
                "type": "Dict",
                "value": {
                  "key": {
                    "type": "String",
                    "value": null
                  },
                  "value": {
                    "type": "String",
                    "value": null
                  }
                }
              },
              "datetime": {
                "type": "DateTime",
                "value": null
              },
              "success": {
                "type": "Integer",
                "value": null
              },
              "failed": {
                "type": "Integer",
                "value": null
              },
              "duration": {
                "type": "Float",
                "value": null
              },
              "total_duration": {
                "type": "Float",
                "value": null
              },
              "max_duration": {
                "type": "Float",
                "value": null
              },
              "memory": {
                "type": "Integer",
                "value": null
              },
              "max_memory": {
                "type": "Integer",
                "value": null
              }
            }
          }
        }
      },
      "hash": "f73e421c1a62949d67c5e58bc9ae9dd309a8cb4c47772500498b39e09f3ad19e"
    },
    "Status.Training": {
      "name": "Status.Training",
      "type": {
        "type": "Dict",
        "value": {
          "key": {
            "type": "String",
            "value": null
          },
          "value": {
            "type": "Struct",
            "value": {
              "item": {
                "type": "String",
                "value": null
              },
              "task": {
                "type": "String",
                "value": null
              },
              "status": {
                "type": "String",
                "value": null
              },
              "metadata": {
                "type": "Dict",
                "value": {
                  "key": {
                    "type": "String",
                    "value": null
                  },
                  "value": {
                    "type": "String",
                    "value": null
                  }
                }
              },
              "datetime": {
                "type": "DateTime",
                "value": null
              },
              "success": {
                "type": "Integer",
                "value": null
              },
              "failed": {
                "type": "Integer",
                "value": null
              },
              "duration": {
                "type": "Float",
                "value": null
              },
              "total_duration": {
                "type": "Float",
                "value": null
              },
              "max_duration": {
                "type": "Float",
                "value": null
              },
              "memory": {
                "type": "Integer",
                "value": null
              },
              "max_memory": {
                "type": "Integer",
                "value": null
              }
            }
          }
        }
      },
      "hash": "f73e421c1a62949d67c5e58bc9ae9dd309a8cb4c47772500498b39e09f3ad19e"
    },
    "Status.Optimization": {
      "name": "Status.Optimization",
      "type": {
        "type": "Dict",
        "value": {
          "key": {
            "type": "String",
            "value": null
          },
          "value": {
            "type": "Struct",
            "value": {
              "item": {
                "type": "String",
                "value": null
              },
              "task": {
                "type": "String",
                "value": null
              },
              "status": {
                "type": "String",
                "value": null
              },
              "metadata": {
                "type": "Dict",
                "value": {
                  "key": {
                    "type": "String",
                    "value": null
                  },
                  "value": {
                    "type": "String",
                    "value": null
                  }
                }
              },
              "datetime": {
                "type": "DateTime",
                "value": null
              },
              "success": {
                "type": "Integer",
                "value": null
              },
              "failed": {
                "type": "Integer",
                "value": null
              },
              "duration": {
                "type": "Float",
                "value": null
              },
              "total_duration": {
                "type": "Float",
                "value": null
              },
              "max_duration": {
                "type": "Float",
                "value": null
              },
              "memory": {
                "type": "Integer",
                "value": null
              },
              "max_memory": {
                "type": "Integer",
                "value": null
              }
            }
          }
        }
      },
      "hash": "f73e421c1a62949d67c5e58bc9ae9dd309a8cb4c47772500498b39e09f3ad19e"
    },
    "Optimization": {
      "name": "Optimization",
      "type": {
        "type": "Dict",
        "value": {
          "key": {
            "type": "String",
            "value": null
          },
          "value": {
            "type": "Struct",
            "value": {
              "scenario": {
                "type": "String",
                "value": null
              },
              "iteration": {
                "type": "Integer",
                "value": null
              },
              "objective": {
                "type": "Float",
                "value": null
              },
              "options": {
                "type": "String",
                "value": null
              },
              "initial_sample": {
                "type": "Boolean",
                "value": null
              },
              "optimal": {
                "type": "Boolean",
                "value": null
              },
              "datetime": {
                "type": "DateTime",
                "value": null
              }
            }
          }
        }
      },
      "hash": "e89a8835087b07e07402d6f8444e5fc441d4ed6cb606c1ff7061fca0793341ca"
    },
    "PredictionPerformance": {
      "name": "PredictionPerformance",
      "type": {
        "type": "Dict",
        "value": {
          "key": {
            "type": "String",
            "value": null
          },
          "value": {
            "type": "Struct",
            "value": {
              "scenario": {
                "type": "String",
                "value": null
              },
              "event": {
                "type": "String",
                "value": null
              },
              "kind": {
                "type": "String",
                "value": null
              },
              "evaluations": {
                "type": "Integer",
                "value": null
              },
              "total_runtime": {
                "type": "Float",
                "value": null
              },
              "mean_runtime": {
                "type": "Float",
                "value": null
              },
              "stddev_runtime": {
                "type": "Float",
                "value": null
              },
              "min_runtime": {
                "type": "Float",
                "value": null
              },
              "max_runtime": {
                "type": "Float",
                "value": null
              },
              "total_compiletime": {
                "type": "Float",
                "value": null
              },
              "total_gc_allocs": {
                "type": "Integer",
                "value": null
              },
              "total_gc_size": {
                "type": "Integer",
                "value": null
              },
              "total_gc_time": {
                "type": "Float",
                "value": null
              },
              "datetime": {
                "type": "DateTime",
                "value": null
              }
            }
          }
        }
      },
      "hash": "1672421ec625e65157d4cab59220b71cb34cc4eb861d543c2057aa9a4da8fc26"
    },
    "Scenario": {
      "name": "Scenario",
      "type": {
        "type": "Dict",
        "value": {
          "key": {
            "type": "String",
            "value": null
          },
          "value": {
            "type": "Struct",
            "value": {
              "scenario": {
                "type": "String",
                "value": null
              },
              "parent": {
                "type": "String",
                "value": null,
                "nullable": true
              },
              "objectives": {
                "type": "Array",
                "value": {
                  "type": "Float",
                  "value": null
                },
                "nullable": true
              },
              "datetime": {
                "type": "DateTime",
                "value": null
              }
            }
          }
        }
      },
      "hash": "6cdf60a3584f4f756480848d98e9c8063ec9e8723a0c57341b652e8bc50eeea6"
    },
    "Singleton": {
      "name": "Singleton",
      "type": {
        "type": "Dict",
        "value": {
          "key": {
            "type": "String",
            "value": null
          },
          "value": {
            "type": "Struct",
            "value": {}
          }
        }
      },
      "hash": "9653b252ee57c814e4f8524d1545198c121784b8a23b5e221e77309dd0941158"
    },
    "My DictType Datastream": {
      "name": "My DictType Datastream",
      "type": {
        "type": "Dict",
        "value": {
          "key": {
            "type": "String",
            "value": null
          },
          "value": {
            "type": "Struct",
            "value": {
              "my_integer": {
                "type": "Integer",
                "value": null
              },
              "my_string": {
                "type": "String",
                "value": null
              }
            }
          }
        }
      },
      "hash": "8b9800d1e1e9a63df2992e4116cf5efaac6ceb6b025f741899afb1d799318b85"
    },
    "My IntegerType Datastream": {
      "name": "My IntegerType Datastream",
      "type": {
        "type": "Integer",
        "value": null,
        "nullable": true
      },
      "hash": "dc0e05bdb88428a65f00ffa7c8ab62f07d593bf0fd13225820427b774af906a0"
    },
    "Pipeline.By Category": {
      "name": "Pipeline.By Category",
      "type": {
        "type": "Dict",
        "value": {
          "key": {
            "type": "String",
            "value": null
          },
          "value": {
            "type": "Struct",
            "value": {
              "productCode": {
                "type": "String",
                "value": null
              },
              "units": {
                "type": "Integer",
                "value": null
              }
            }
          }
        }
      },
      "hash": "9c1ccf175c3a6b2e94786482426d63d0483870ece690d8d6a9055a824e8c1323"
    },
    "Pipeline.By Date": {
      "name": "Pipeline.By Date",
      "type": {
        "type": "Dict",
        "value": {
          "key": {
            "type": "String",
            "value": null
          },
          "value": {
            "type": "Struct",
            "value": {
              "date": {
                "type": "DateTime",
                "value": null
              },
              "countTransactions": {
                "type": "Integer",
                "value": null
              }
            }
          }
        }
      },
      "hash": "f504c11a6ba25991e2edb0aaefd9cc94b1e1295e9f24811f2de3e2c9a672d6ef"
    },
    "Pipeline.Disaggregate Items": {
      "name": "Pipeline.Disaggregate Items",
      "type": {
        "type": "Dict",
        "value": {
          "key": {
            "type": "String",
            "value": null
          },
          "value": {
            "type": "Struct",
            "value": {
              "transactionDate": {
                "type": "DateTime",
                "value": null
              },
              "productCode": {
                "type": "String",
                "value": null
              },
              "units": {
                "type": "Integer",
                "value": null
              },
              "salePrice": {
                "type": "Float",
                "value": null
              }
            }
          }
        }
      },
      "hash": "497d6e82d32f03394c13f307cc4b051822e003f63a49f5a75dc3527b113c5a48"
    },
    "Pipeline.Disaggregate Units": {
      "name": "Pipeline.Disaggregate Units",
      "type": {
        "type": "Dict",
        "value": {
          "key": {
            "type": "String",
            "value": null
          },
          "value": {
            "type": "Struct",
            "value": {
              "transactionDate": {
                "type": "DateTime",
                "value": null
              },
              "productCode": {
                "type": "String",
                "value": null
              },
              "salePrice": {
                "type": "Float",
                "value": null
              }
            }
          }
        }
      },
      "hash": "f61916c8eaa500db5090967732ffcce47101df5f03ee7abca66283a56e574872"
    },
    "Pipeline.Filter After Datetime": {
      "name": "Pipeline.Filter After Datetime",
      "type": {
        "type": "Dict",
        "value": {
          "key": {
            "type": "String",
            "value": null
          },
          "value": {
            "type": "Struct",
            "value": {
              "transactionDate": {
                "type": "DateTime",
                "value": null
              },
              "items": {
                "type": "Array",
                "value": {
                  "type": "Struct",
                  "value": {
                    "productCode": {
                      "type": "String",
                      "value": null
                    },
                    "units": {
                      "type": "Integer",
                      "value": null
                    },
                    "salePrice": {
                      "type": "Float",
                      "value": null
                    }
                  }
                }
              }
            }
          }
        }
      },
      "hash": "a35f1cb14a495736e15e478276063d4202774cc856afc3a93e997929738a0cf9"
    },
    "Pipeline.Filter On Date": {
      "name": "Pipeline.Filter On Date",
      "type": {
        "type": "Dict",
        "value": {
          "key": {
            "type": "String",
            "value": null
          },
          "value": {
            "type": "Struct",
            "value": {
              "transactionDate": {
                "type": "DateTime",
                "value": null
              },
              "items": {
                "type": "Array",
                "value": {
                  "type": "Struct",
                  "value": {
                    "productCode": {
                      "type": "String",
                      "value": null
                    },
                    "units": {
                      "type": "Integer",
                      "value": null
                    },
                    "salePrice": {
                      "type": "Float",
                      "value": null
                    }
                  }
                }
              }
            }
          }
        }
      },
      "hash": "a35f1cb14a495736e15e478276063d4202774cc856afc3a93e997929738a0cf9"
    },
    "Pipeline.Filter Revenue Greater than 100": {
      "name": "Pipeline.Filter Revenue Greater than 100",
      "type": {
        "type": "Dict",
        "value": {
          "key": {
            "type": "String",
            "value": null
          },
          "value": {
            "type": "Struct",
            "value": {
              "transactionDate": {
                "type": "DateTime",
                "value": null
              },
              "items": {
                "type": "Array",
                "value": {
                  "type": "Struct",
                  "value": {
                    "productCode": {
                      "type": "String",
                      "value": null
                    },
                    "units": {
                      "type": "Integer",
                      "value": null
                    },
                    "salePrice": {
                      "type": "Float",
                      "value": null
                    }
                  }
                }
              }
            }
          }
        }
      },
      "hash": "a35f1cb14a495736e15e478276063d4202774cc856afc3a93e997929738a0cf9"
    },
    "Pipeline.Sales and Product Info": {
      "name": "Pipeline.Sales and Product Info",
      "type": {
        "type": "Dict",
        "value": {
          "key": {
            "type": "String",
            "value": null
          },
          "value": {
            "type": "Struct",
            "value": {
              "productCode": {
                "type": "String",
                "value": null
              },
              "transactionDate": {
                "type": "DateTime",
                "value": null
              },
              "units": {
                "type": "Integer",
                "value": null
              },
              "productName": {
                "type": "String",
                "value": null
              },
              "productCategory": {
                "type": "String",
                "value": null
              },
              "productUnitCost": {
                "type": "Float",
                "value": null
              }
            }
          }
        }
      },
      "hash": "a48b1e853d6b58087646b262f4b7406d61e20a8da82c82fe4d85d88f9143a6b2"
    },
    "Pipeline.Units Per Product Code By Date": {
      "name": "Pipeline.Units Per Product Code By Date",
      "type": {
        "type": "Dict",
        "value": {
          "key": {
            "type": "String",
            "value": null
          },
          "value": {
            "type": "Struct",
            "value": {
              "date": {
                "type": "DateTime",
                "value": null
              },
              "unitsPerProductCode": {
                "type": "Dict",
                "value": {
                  "key": {
                    "type": "String",
                    "value": null
                  },
                  "value": {
                    "type": "Integer",
                    "value": null
                  }
                }
              }
            }
          }
        }
      },
      "hash": "b9f778541d96e7a4ba73fe6c7d6a6f99416a4c84f05b16bc876ec6ee34bb0105"
    },
    "Source.Products": {
      "name": "Source.Products",
      "type": {
        "type": "Dict",
        "value": {
          "key": {
            "type": "String",
            "value": null
          },
          "value": {
            "type": "Struct",
            "value": {
              "Name": {
                "type": "String",
                "value": null
              },
              "Code": {
                "type": "String",
                "value": null
              },
              "Category": {
                "type": "String",
                "value": null
              },
              "Unit Cost": {
                "type": "Float",
                "value": null
              }
            }
          }
        }
      },
      "hash": "fb84e7163e96a95a407091056ed3aac2a91ca3466b1e79ac270aab33d6ee59d6"
    },
    "Source.Sales": {
      "name": "Source.Sales",
      "type": {
        "type": "Dict",
        "value": {
          "key": {
            "type": "String",
            "value": null
          },
          "value": {
            "type": "Struct",
            "value": {
              "transactionDate": {
                "type": "DateTime",
                "value": null
              },
              "items": {
                "type": "Array",
                "value": {
                  "type": "Struct",
                  "value": {
                    "productCode": {
                      "type": "String",
                      "value": null
                    },
                    "units": {
                      "type": "Integer",
                      "value": null
                    },
                    "salePrice": {
                      "type": "Float",
                      "value": null
                    }
                  }
                }
              }
            }
          }
        }
      },
      "hash": "a35f1cb14a495736e15e478276063d4202774cc856afc3a93e997929738a0cf9"
    }
  },
  "loglevel": "warn",
  "settings": {
    "loglevel": "warn",
    "flush": [],
    "keep": []
  }
}